{
    "data": [{
        "id": 1,
        "fullName": "Tom Sawyer",
        "pictureUrl": "tom",
        "email": "tomSawyer@gmail.com",
        "about": "I like travelling along Missisipi!",
        "friends":[
                    {
                    "name": "Huckleberry Finn",
                    "pictureUrl": "finn",
                    "Description": "This works if the preferred language list is:Afrikaans (iOS is not translated into Afrikaans)Spanish (Device Language)   The preferred language list is can be edited in: Settings.app -> General -> Language & Region -> Preferred Language Order"
                    },
                    {
                    "name": "Becky Thatcher",
                    "pictureUrl": "becky",
                     "Description": " (iOS is not translated into Afrikaans)Spanish (Device Language)   The preferred language list is can be edited in: Settings.app -> General -> Language & Region -> Preferred Language Order"
                    },
                    {
                    "name": "Celeste Holm",
                    "pictureUrl": "holm",
                     "Description": "This works if the preferred language list is:Afrikaans -> General -> Language & Region -> Preferred Language Order"
                    }]
                },
    {
        "id": 2,
        "fullName": "Madan kumawat",
        "pictureUrl": "tom",
        "email": "tomSawyer@gmail.com",
        "about": "I like travelling along Missisipi!",
        "friends":[
        {
            "name": "Celeste Holm",
            "pictureUrl": "holm",
            "Description": "This works if the preferred language list is:Afrikaans -> General -> Language & Region -> Preferred Language Order"
        }]
    },
    {
        "id": 3,
        "fullName": "Balkarn maan",
        "pictureUrl": "tom",
        "email": "tomSawyer@gmail.com",
        "about": "I like travelling along Missisipi!",
        "friends":[
        {
            "name": "Huckleberry Finn",
            "pictureUrl": "finn",
            "Description": "This works if the preferred language list is:Afrikaans (iOS is not translated into Afrikaans)Spanish (Device Language)   The preferred language list is can be edited in: Settings.app -> General -> Language & Region -> Preferred Language Order"
        },

        {
            "name": "Celeste Holm",
            "pictureUrl": "holm",
            "Description": "This works if the preferred language list is:Afrikaans -> General -> Language & Region -> Preferred Language Order"
        }]
    }
             ],
    "error": 0,
    "message": "Success"
}
