{
    "Data": [
              {
             "id": 1,
             "fullName": "Tom Sawyer",
             "pictureUrl": "tom",
             "email": "tomSawyer@gmail.com",
             "about": "I like travelling along Missisipi!",
             "friends":[
                        {
              },
              {
             "id": 2,
             "fullName": "Madan kumawat",
             "pictureUrl": "tom",
             "email": "tomSawyer@gmail.com",
             "about": "I like travelling along Missisipi!",
                        "friends":[
                                   {
              },
              {
             "id": 3,
             "fullName": "Balkarn maan",
             "pictureUrl": "tom",
             "email": "tomSawyer@gmail.com",
             "about": "I like travelling along Missisipi!",
                                   "friends":[
                                   {
              }
              ],
    "error": 0,
    "message": "Success"
}
